Nom_produit,Co2_eq,Appauvr_Ozone,Rayon,Ozone_chimie,Particules_fines,Acidification,Eutrophisation_eaux_douces,Eutrophisation_marine,Eutrophisation_terrestre,Utilisation_du_sol,Epuisement_eau,Epuisement_energie,Epuisement_minéraux,Categorie,Groupe
"Homard, 1 kg de produit, au débarquement/FR U",14.155377,3.1443297e-06,1.5272431,0.19019026,2.1915666e-06,0.28444381,0.0043429813,0.065738443,0.7067875,53.882212,2.6873035,227.85294,0.00066414844,Animal production,Seafood
"Thon albacore, AEN, chalut pélagique, moyenne, au débarquement/FR U",4.1914231,9.504973e-07,0.25946188,0.09992461,1.0918374e-06,0.145268,0.00010078123,0.035009099,0.38321896,7.746578,0.078217855,57.580902,1.24236e-05,Animal production,Fish
"Saithe, Mer du Nord, Chalut de fond, moyenne, congelés, au débarquement/FR U",4.2406084,1.1327089e-06,0.246363,0.092829561,1.0161378e-06,0.13497562,0.00012350816,0.032512552,0.35589853,7.4194048,0.10784024,54.73278,1.4355568e-05,Animal production,Fish
"Gadidae, Mer Celtique, chalut de fond, moyenne, au débarquement/FR U",3.265939,7.2367958e-07,0.20244498,0.076019064,8.3278005e-07,0.11046729,0.00010133283,0.026613232,0.29126162,6.1456539,0.09240467,44.929678,1.0366511e-05,Animal production,Fish
"Tourteau, 1 kg de produit, au débarquement/GB U",4.5586741,9.2793525e-07,0.52565982,0.059712771,6.8777504e-07,0.089162981,0.0013831048,0.020704898,0.22239657,18.006471,0.78761131,69.499411,0.00020868964,Animal production,Seafood
"Tourteau, 1 kg de produit, au débarquement/IE U",4.1550927,8.3556656e-07,0.36173908,0.053712077,6.1764788e-07,0.080344597,0.0012476175,0.01862296,0.19997128,15.220182,0.7204061,61.831677,0.00018797052,Animal production,Seafood
"Saithe, Mer du Nord, Chalut de fond, moyenne, frais, au débarquement/UE U",2.0670954,4.8808035e-07,0.12603327,0.047904154,5.2469218e-07,0.069702074,6.5428063e-05,0.016793808,0.18385588,3.7667068,0.045514582,27.897299,9.2275859e-06,Animal production,Fish
"Sole commune, BBiscay, trémail, moyenne, au débarquement/FR U",2.1461645,4.3336013e-07,0.12515125,0.045205432,4.9797178e-07,0.066386354,0.00015077494,0.01588308,0.17260667,4.4582806,0.21780983,29.542139,5.8688617e-05,Animal production,Fish
"Thon Albacore, la CEA, la Seine, moyenne, au débarquement/CI U",1.8934415,4.1343515e-07,0.120089,0.04367896,4.7845822e-07,0.063602871,7.5776142e-05,0.015320686,0.16748009,3.6105402,0.080103101,25.862994,1.0652609e-05,Animal production,Fish
"Thon Listao, la CEA, la Seine, moyenne, au débarquement/CI U",1.8807091,4.1098763e-07,0.1189493,0.043444211,4.759463e-07,0.063263914,7.3917407e-05,0.015240085,0.16660568,3.5771865,0.0780998,25.68787,1.0407e-05,Animal production,Fish
"Thon rouge, MEDSEA, palangre, moyenne, au débarquement/FR U",1.8070809,3.3518661e-07,0.10848703,0.034282041,3.8627544e-07,0.051569299,0.00034712362,0.012009935,0.13051013,5.5126419,0.20572631,24.023601,9.093789e-05,Animal production,Fish
"Tourteau, 1 kg de produit, au débarquement/FR U",2.5295895,5.2532626e-07,0.47564949,0.033566476,3.8852631e-07,0.050107151,0.0007746988,0.011667467,0.12494519,9.579676,0.41707081,42.58984,0.0001173805,Animal production,Seafood
"Poule de réforme, conventionnel, intérieur, cage règles 2012, à la ferme/FR U",13.862278,6.3559939e-07,1.1439782,0.032207571,2.578675e-06,0.37265173,0.0029014283,0.071379414,1.6255437,856.59019,14.072982,82.205626,4.5019173e-05,Animal production,Avian
"Brebis de réforme, conventionnel, intérieur, à la ferme/FR U",18.147478,3.7750228e-07,0.29037501,0.026538431,1.9768215e-06,0.29408769,0.00099723409,0.071114293,1.3041202,1780.6026,2.4459678,34.676828,2.5933742e-05,Animal production,Ovine
"Vache allaitante de réforme, conventionnel, vache allaitante système, moins de 1.2 UGB par ha, à la ferme/FR U",18.727678,3.5166319e-07,0.49601938,0.026001848,1.697015e-06,0.25279065,0.00098477303,0.045660342,1.1159141,1977.0206,2.9955047,41.126228,3.3480637e-05,Animal production,Bovine
"Agneau système de production conventionnel, intérieur, à la ferme/FR U",16.260055,3.8120824e-07,0.38401022,0.025776604,1.9714927e-06,0.29161371,0.0010827875,0.063427026,1.291483,1772.3309,5.0348497,36.40733,2.358424e-05,Animal production,Ovine
"Génisse allaitante  système d'engraissement conventionnel, plus de 1,2 UGB par ha, à la ferme/FR U",17.146815,3.7561644e-07,0.54432826,0.024476824,1.673834e-06,0.2500383,0.00066675602,0.061096289,1.1118309,1008.6936,3.4520173,38.666674,2.1072513e-05,Animal production,Bovine
"Taurillon allaitant, conventionnel, système d'engraissement, moins de 1.2 UGB par ha, à la ferme/FR U",16.797066,3.4258755e-07,0.43906858,0.023468966,1.5709895e-06,0.23347166,0.0011444578,0.043923521,1.027461,1474.7235,3.4718078,36.050349,3.3482398e-05,Animal production,Bovine
"Truie de réforme, conventionnel, nourri au tourteau de soja, à la ferme/FR U",11.737753,4.5076012e-07,2.0027146,0.023273856,1.6131448e-06,0.23129868,0.0018821056,0.055143721,1.0041101,716.44456,9.5360254,76.9556,4.1089254e-05,Animal production,Procine
"Bar ou daurade, 200-500g, conventionnel, en cage, à la ferme/FR U",4.8038087,6.3492459e-07,0.5579361,0.022626728,2.7112459e-07,0.024759247,0.00050541348,0.23151205,0.090735258,109.25653,1.0745063,62.840028,5.6753342e-06,Animal production,Fish
"Truie de réforme, conventionnel, fourniture d'aliments à la ferme, à la ferme/FR U",11.504295,4.3233248e-07,2.0253245,0.022599042,1.784013e-06,0.25855346,0.0018399693,0.064552547,1.1308234,852.50137,6.15499,77.009099,4.5769644e-05,Animal production,Procine
"Truie de réforme, conventionnel, moyenne nationale, à la ferme/FR U",11.264811,4.6064585e-07,2.0126022,0.022523581,1.6612786e-06,0.23809251,0.0018098348,0.058132264,1.0382716,770.10431,10.282082,77.293848,4.2097004e-05,Animal production,Procine
"Truie de réforme, Label Rouge, Porc with run système, à la ferme/FR U",11.663747,4.27008e-07,1.9719469,0.02250916,1.7731823e-06,0.25471316,0.0017123728,0.060413511,1.1153925,790.84347,8.1271063,74.872883,4.0784159e-05,Animal production,Procine
"Taurillon allaitant, conventionnel, système d'engraissement, plus de 1.2 UGB par ha, à la ferme/FR U",15.115896,3.5248694e-07,0.39102043,0.022322022,1.4676871e-06,0.21921001,0.0010064693,0.053933602,0.96738258,834.23144,3.03492,31.910999,2.4953434e-05,Animal production,Bovine
"Truie de réforme, conventionnel, traitement des boues excédentaires, à la ferme/FR U",11.094255,4.4335954e-07,1.912,0.022056092,1.6816515e-06,0.24052464,0.0016606244,0.058465675,1.0493907,768.17198,7.5641937,74.782193,4.0714921e-05,Animal production,Procine
"Vache allaitante de réforme, conventionnel, vache allaitante système, plus de 1.2 UGB par ha, à la ferme/FR U",15.855011,3.6450867e-07,0.45133505,0.02196113,1.5195474e-06,0.22706434,0.00057157163,0.056908809,1.0089558,963.18057,2.9527078,35.096388,1.8186801e-05,Animal production,Bovine
"Lapin de réforme, conventionnel, en cage, à la ferme/FR U",9.0107229,5.6071026e-07,1.4274078,0.021367306,3.372592e-07,0.041904306,0.0013941842,0.026267693,0.15643586,424.72376,3.3354373,91.600739,2.9463878e-05,Animal production,Other
"Truie de réforme, conventionnel, nourri au tourteau de colza, à la ferme/FR U",10.88957,4.6265202e-07,1.9743836,0.021067869,1.6598289e-06,0.23792591,0.0015170081,0.058505719,1.0403955,759.07703,6.6854782,76.543865,3.891663e-05,Animal production,Procine
"Truie de réforme, Label Rouge, système extérieur, à la ferme/FR U",9.2155423,4.0614924e-07,0.63172213,0.020439494,1.6717135e-06,0.24168748,0.0016962509,0.092604419,1.0623429,1645.3981,8.8411782,44.534494,3.2333079e-05,Animal production,Procine
"Boeuf, moyenne nationale, à la ferme/FR U",13.928946,2.9982719e-07,0.36091711,0.020239286,1.3091166e-06,0.19535155,0.00080753766,0.04412666,0.86272968,999.02515,2.8772492,29.754224,2.4316644e-05,Animal production,Bovine
"Vache de réforme, conventionnel, système laitier de montagne, grass nourri, à la ferme/FR U",13.582066,3.0377722e-07,0.22805319,0.019481582,1.2078204e-06,0.18031674,0.00065402499,0.029071545,0.79545855,1195.5083,2.7211518,30.051625,2.234046e-05,Animal production,Bovine
"Thon rouge, MEDSEA, Seine, moyenne, à la ferme/FR U",1.0593181,1.8175155e-07,0.06643528,0.018390034,2.0849549e-07,0.02794339,0.00028261109,0.0064600235,0.069750493,3.5470195,0.19766864,13.926312,7.1906584e-05,Animal production,Fish
"Veau conventionnel, système d'engraissement, calves from système laitier de plaine, à la ferme/FR U",9.9517026,2.9031868e-07,0.44878995,0.018263312,6.8333819e-07,0.10197929,0.00097775771,0.071077094,0.43789199,696.78925,2.6752974,38.4798,1.5941354e-05,Animal production,Bovine
"Vache de réforme, conventionnel, système laitier de plaine, ensillage de maïs 5 à 10%, à la ferme/FR U",11.82285,1.952611e-07,0.18680631,0.017739051,1.3607811e-06,0.20256029,0.00045381014,0.040713272,0.89954118,782.20116,2.0749716,16.945672,2.0034162e-05,Animal production,Bovine
"Vache de réforme, conventionnel, système laitier de plaine, ensillage de maïs 10 à 30%, à la ferme/FR U",10.687261,2.3079718e-07,0.20763067,0.016188527,1.032643e-06,0.15383903,0.00064165473,0.035703892,0.67935483,598.59538,3.3050128,20.62751,2.1611447e-05,Animal production,Bovine
"Chevrette de réforme, conventionnel, intensive forage area, à la ferme/FR U",7.6059205,2.2437866e-07,0.56277295,0.016036451,1.6196721e-06,0.23662014,0.00061918605,0.033202372,1.0546475,582.44881,9.7297338,27.202362,1.455262e-05,Animal production,Caprine
"Coquille Saint-Jacques, BSBrieuc, Dredge, moyenne, au débarquement/FR U",0.67620244,1.4647018e-07,0.042500492,0.01526708,1.6704596e-07,0.02213395,4.1058896e-05,0.0053137512,0.058137256,1.7376543,0.02516646,9.2928387,7.6458377e-06,Animal production,Fish
"Poule de réforme, conventionnel, intérieur, au sol, à la ferme/FR U",6.3419306,3.6506084e-07,0.79506064,0.014378473,9.0184527e-07,0.12969005,0.0012255426,0.027646958,0.55884822,343.50279,5.6056735,54.10283,2.1686218e-05,Animal production,Avian
"Poule de réforme, conventionnel, système extérieur, à la ferme/FR U",6.284872,3.6177635e-07,0.78790748,0.01424911,8.9373138e-07,0.12852323,0.0012145164,0.027398218,0.55382026,340.41229,5.5552394,53.616063,2.1491107e-05,Animal production,Avian
"Dinde, Label Rouge, à la ferme/FR U",5.6671059,2.2661159e-07,0.26806458,0.014155735,8.9552384e-07,0.12846479,0.0013703703,0.031616819,0.55700659,379.95975,3.0779372,24.461522,1.7375912e-05,Animal production,Avian
"Vache de réforme, conventionnel, système laitier de plaine, ensillage de maïs plus de 30%, à la ferme/FR U",8.6838751,1.9462095e-07,0.16595484,0.013592698,7.5003966e-07,0.11269434,0.00053725622,0.03027467,0.49667765,528.54119,2.3681195,17.115147,1.8572161e-05,Animal production,Bovine
"Taurillon laitier, conventionnel, système d'engraissement, à la ferme/FR U",7.6332651,1.7489571e-07,0.23257439,0.01336851,7.1273323e-07,0.10597255,0.0010725523,0.027434709,0.45752188,342.99582,1.9452956,16.583817,2.6159815e-05,Animal production,Bovine
"Poule de réforme, conventionnel, moyenne nationale, à la ferme/FR U",5.7951822,3.357831e-07,0.73453747,0.013121747,8.1591164e-07,0.11730282,0.0011169048,0.025113502,0.50519668,312.46777,5.0979907,49.925456,1.9848992e-05,Animal production,Avian
"Poule de réforme, conventionnel, intérieur, en cage, à la ferme/FR U",5.6992392,3.3070558e-07,0.72414288,0.012900546,8.0064755e-07,0.11510171,0.0010977393,0.024664498,0.49565729,306.97604,5.0081209,49.206065,1.9527293e-05,Animal production,Avian
"Brebis de réforme, conventionnel, système Roquefort , à la ferme/FR U",7.006631,2.1297372e-07,0.27234972,0.012080485,1.2086815e-06,0.17665824,0.00063492995,0.029679278,0.78312334,761.10159,2.9735958,22.831291,1.5594434e-05,Animal production,Ovine
"Maquereau Atlantique, NEA, Pelagic Chalut, moyenne, au débarquement/NL U",0.52864468,1.4108659e-07,0.03111528,0.01155044,1.2678093e-07,0.016893892,1.9498561e-05,0.0040322845,0.044119087,1.1397611,0.014740051,6.8074938,1.8495149e-06,Animal production,Fish
"Saumon issu d'aquaculture, conventionnel, à la ferme/NO U",2.7762617,2.4098085e-07,0.37880351,0.011469476,1.7414185e-07,0.020779009,0.00078924246,0.038743037,0.085652976,165.67744,0.46872696,27.294202,3.12799e-05,Animal production,Fish
"Hareng de l'Atlantique, NEA, Pelagic Chalut, moyenne, au débarquement/NL U",0.51994105,1.3654889e-07,0.030799091,0.011443847,1.2557807e-07,0.016733116,1.899228e-05,0.0039951907,0.043714291,1.1207239,0.014348798,6.7406076,1.8000214e-06,Animal production,Fish
"Canard Engraissement,  conventionnel, à la ferme/FR U",4.4203907,2.1178396e-07,0.63942936,0.010899972,7.2008144e-07,0.10344268,0.00097188303,0.030418645,0.45256193,339.99597,8.4309135,29.739902,1.6652662e-05,Animal production,Avian
"Dinde, moyenne nationale, à la ferme/FR U",4.1231721,1.6842272e-07,0.20007603,0.010514265,5.8451482e-07,0.083791686,0.0010150936,0.022686517,0.36180399,272.04545,2.2673959,18.340531,1.2874931e-05,Animal production,Avian
"Dinde, conventionnel, à la ferme/FR U",4.0754216,1.6662307e-07,0.19797329,0.010401642,5.7489599e-07,0.082410044,0.0010041057,0.022410322,0.35576679,268.70789,2.2423276,18.151222,1.2735725e-05,Animal production,Avian
"Anchois européenne, la CEA, la Seine, moyenne, au débarquement/MA U",0.44320528,9.5933243e-08,0.027436432,0.010159913,1.1206861e-07,0.014875846,2.9245699e-05,0.0035695921,0.038985552,1.5375282,0.022167718,6.0955606,7.9798583e-06,Animal production,Fish
"Poivre noir, conventionnel, à la ferme/VN U",2.7437156,2.2528721e-07,0.23867626,0.009914938,4.2786843e-07,0.028898626,0.00042710332,0.023332427,0.19178686,238.99553,6.9611162,23.598471,4.2694584e-05,Plant production,Fruits
"Grande truite, 2-4 kg, conventionnel, à la ferme/FR U",2.5994737,2.3584267e-07,0.79692101,0.00969405,1.3213036e-07,0.015451754,0.010335538,0.047809952,0.055492229,89.075107,17.546089,37.187144,8.7604461e-06,Animal production,Fish
"Poulet, Label Rouge, à la ferme/FR U",3.7181587,1.7604897e-07,0.23771748,0.0090126779,5.4897245e-07,0.079515028,0.0008188569,0.02125024,0.34473054,271.48957,4.0257888,20.67609,1.2245622e-05,Animal production,Avian
"Petite truite, 250-350g,  conventionnel, à la ferme/FR U",1.954752,2.2814563e-07,0.7307696,0.0087679591,1.2978879e-07,0.013136502,0.011393562,0.043819883,0.047865226,55.077772,131.4727,33.842097,7.2170048e-06,Animal production,Fish
"Canard à rôtir,  conventionnel, à la ferme/FR U",3.4661271,1.5105868e-07,0.22230377,0.0083044131,6.4994624e-07,0.093801189,0.00073030399,0.019066908,0.41066863,233.73503,3.4399088,17.189433,1.0985317e-05,Animal production,Avian
"Sardine européenne, BBiscay, Seine, moyenne, au débarquement/FR U",0.3409777,7.5103211e-08,0.020992871,0.0077987106,8.5411838e-08,0.011386076,1.6503302e-05,0.0027307385,0.029831522,0.73642076,0.013876988,4.6518237,3.4231103e-06,Animal production,Fish
"Quinoa FR, conventionnel, à la ferme/FR U",7.2339118,2.1797907e-07,0.11555772,0.0076645352,1.4721785e-07,0.021906746,0.00053434517,0.090023238,0.083601154,258.07717,72.147581,24.053726,4.5340218e-05,Plant production,Cereals
"Noix conventionnelle, en coque séchée, variétés traditionnelles, à la ferme/FR U",1.585732,2.0726063e-07,0.15602664,0.0075575339,1.3763314e-07,0.023513345,0.00030648058,0.0084275601,0.09554525,358.83034,26.00873,17.862543,4.5136857e-05,Plant production,Nuts
"Oeuf, système conventionnel, intérieur, au sol, à la ferme/FR U",2.8798552,1.2219297e-07,0.2964542,0.0074127677,5.6119842e-07,0.080560039,0.00070280307,0.016340248,0.35231729,203.88553,3.7529771,15.610764,1.0000664e-05,Animal production,Avian
"Noix mix conventionnel et biologique, en coque, moyenne nationale, à la ferme/FR U",1.47129,2.0035505e-07,0.15773877,0.0073114859,1.1774867e-07,0.020666184,0.00027550823,0.0079512129,0.08413975,329.3484,24.991988,17.179206,4.0733734e-05,Plant production,Nuts
"Oeuf, système conventionnel, en plein air, à la ferme/FR U",2.7767923,1.0839138e-07,0.24294641,0.0070230093,5.2656728e-07,0.075736819,0.00066395691,0.017514402,0.33246282,235.90681,3.5650088,13.240917,7.7824148e-06,Animal production,Avian
"Noix conventionnelle, en coque séchée, moyenne nationale, à la ferme/FR U",1.4752222,1.9980638e-07,0.14763438,0.006995769,1.2555668e-07,0.021469727,0.00027018166,0.0076062516,0.087448884,309.6295,24.560605,16.878804,3.9530199e-05,Plant production,Nuts
"Poulet, moyenne nationale, à la ferme/FR U",2.7087044,1.2332617e-07,0.19042168,0.0068569765,3.6700535e-07,0.052775458,0.00064011673,0.014224191,0.22813107,182.92319,3.2452632,14.47081,9.1292153e-06,Animal production,Avian
"Porc, Label Rouge, porc avec système d'exécution, à la ferme/FR U",3.61198,1.2385856e-07,0.20993985,0.0067558423,5.0432477e-07,0.073084994,0.00043772862,0.015970815,0.32076986,193.79399,1.4752211,13.904635,9.0672175e-06,Animal production,Procine
"Poulet, conventionnel, à la ferme/FR U",2.5705441,1.1584051e-07,0.18279592,0.0065541206,3.4078412e-07,0.048923285,0.00061487109,0.013173831,0.2113013,169.43751,3.0682364,13.568372,8.7101661e-06,Animal production,Avian
"Fraise conventionnelle, hors sol sous abri chauffé, à la ferme/FR U",2.9403,4.2169587e-07,0.45681586,0.0065310851,1.60415e-07,0.011469244,0.00083542895,0.0042443444,0.032356044,-1.6936525,4.3348128,54.583707,2.0203422e-05,Plant production,Fruits
"Lapin, conventionnel, en cage, à la ferme/FR U",2.7464832,1.2076838e-07,0.27577787,0.0064403722,1.8048523e-07,0.023279352,0.00048614888,0.010518735,0.095519992,166.92669,0.82083867,17.211024,7.7221098e-06,Animal production,Other
"Laine, système de production conventionnel, intérieur, à la ferme/FR U",4.2939258,8.9170068e-08,0.072907661,0.006393836,4.4591019e-07,0.066514416,0.00023546472,0.016515121,0.29477961,460.87348,0.57416174,8.2146723,5.7518757e-06,Animal production,Ovine
"Oeuf, production conventionnelle, intérieur, cage règles 2012, à la ferme/FR U",2.2204388,1.0020308e-07,0.25696246,0.0062028302,4.6265578e-07,0.066606087,0.00059053755,0.01388071,0.29152044,172.60935,3.2150657,12.966875,8.3770222e-06,Animal production,Avian
"Oeuf, moyenne nationale, à la ferme/FR U",2.2266318,9.8979469e-08,0.2338607,0.0061649526,4.5304176e-07,0.06522174,0.00058736842,0.01425102,0.28557102,180.96949,3.3592227,12.404333,7.9760917e-06,Animal production,Avian
"Laine, conventionnel, système Roquefort, à la ferme/FR U",4.324245,1.0686202e-07,0.18718508,0.0060878991,6.8829543e-07,0.10068637,0.0002624746,0.021415247,0.44675101,512.19905,0.89869275,12.105981,6.5137631e-06,Animal production,Ovine
"Riz thaï, Nord-Est, irrigué, Dry en saison, à la ferme/TH U",6.3144737,1.0228622e-07,0.039521973,0.0060459247,4.2996931e-07,0.062458727,0.0075381526,0.054762431,0.27388134,81.566282,65.915141,9.8371868,6.837503e-06,Plant production,Cereals
"Oeuf, système conventionnel, intérieur, en cage, à la ferme/FR U",2.1463063,9.6620242e-08,0.22629196,0.0060068224,4.3804147e-07,0.063083909,0.00057159616,0.013424534,0.27605736,167.45581,3.118657,12.05519,7.9783434e-06,Animal production,Avian
"Porc, Label Rouge, système extérieur, à la ferme/FR U",2.9239369,1.0975295e-07,0.18189748,0.0059991318,6.2205882e-07,0.089651511,0.00046483331,0.021887472,0.39458847,587.77474,1.5504864,12.575678,8.8555137e-06,Animal production,Procine
"Porc, conventionnel, nourri au tourteau de soja, à la ferme/FR U",2.9470805,1.0361784e-07,0.25740765,0.0059753689,4.1798469e-07,0.060105213,0.00046225075,0.015147508,0.26192901,188.44429,1.13072,13.685449,8.6316187e-06,Animal production,Procine
"Chevreau, conventionnel, intensive forage area, à la ferme/FR U",2.5786007,9.0775493e-08,0.22279967,0.0059637698,4.4695314e-07,0.063635691,0.00029006825,0.011839066,0.27835001,240.13245,2.2404569,11.957155,6.7248329e-06,Animal production,Caprine
"Agneau, conventionnel, système Roquefort, à la ferme/FR U",4.3436511,1.0874678e-07,0.22684261,0.0059491601,7.1829284e-07,0.10494104,0.00023599816,0.021571143,0.4655435,507.66491,0.69059326,12.829857,6.2610058e-06,Animal production,Ovine
"Porc, conventionnel, fourniture d'aliments à la ferme, à la ferme/FR U",2.8430655,9.538725e-08,0.24102693,0.0058756106,4.1814638e-07,0.060502833,0.00050134741,0.01504696,0.26402365,189.89096,2.3832152,12.663245,9.3220563e-06,Animal production,Procine
"Oeuf, Bleu Blanc Coeur, plein air, à la ferme/FR U",2.2330567,1.022848e-07,0.22494663,0.0057731546,5.0606227e-07,0.073237689,0.00049153624,0.018234174,0.32310225,246.06685,1.8649764,12.429662,6.9701877e-06,Animal production,Avian
"Porc, moyenne conventionnelle, nationale, à la ferme/FR U",2.8020496,1.0227392e-07,0.26605265,0.0056571997,4.1616464e-07,0.059680446,0.00042854982,0.01420054,0.26100342,176.48384,1.91079,13.696814,8.4719543e-06,Animal production,Procine
"Porc, conventionnel, traitement des boues excédentaires, à la ferme/FR U",2.7348022,1.0252282e-07,0.2363524,0.0056534738,4.1270555e-07,0.059183773,0.00040783179,0.014888534,0.25883092,185.08676,1.0732304,13.254826,8.4602919e-06,Animal production,Procine
"Porc, conventionnel, nourri au tourteau de colza, à la ferme/FR U",2.7373057,1.0932657e-07,0.26330752,0.0054925384,4.2731237e-07,0.061259243,0.00037631081,0.015420058,0.26893247,191.98181,1.159216,14.182439,8.467572e-06,Animal production,Procine
"Noix conventionnelle en coque séchée, variétés à fructification latérale, à la ferme/FR U",1.1436931,1.7744365e-07,0.12245759,0.0053104744,8.9327298e-08,0.015338872,0.00016128491,0.0051423259,0.063159788,162.02696,20.216231,13.927585,2.2710227e-05,Plant production,Nuts
"Algue production non optimisée, 1 kg d'algues (Laminaria), poids frais/FR U",0.84730108,1.5064872e-07,0.17008145,0.0052149804,1.1696886e-07,0.016368768,0.00026873812,0.0016610185,0.016217051,2.9356133,0.49802669,15.473219,1.4106684e-05,Plant production,Other
"Porc, conventionnal, Bleu Blanc Coeur, à la ferme/FR U",2.6081592,1.036711e-07,0.27500944,0.0051674885,4.125177e-07,0.059101886,0.00038504113,0.015081635,0.25998569,197.3092,2.3322665,13.944769,8.0595285e-06,Animal production,Procine
"Grain de café (robusta), dépulpés, au Brésil, au départ de l'exploitation/BR U",1.662277,1.2195285e-07,0.055048007,0.0051515054,3.2050483e-07,0.046458409,0.00020448526,0.034196582,0.19692669,224.29825,0.71850617,11.706987,1.7659127e-05,Plant production,Fruits
"Moules, avec la coquille, au port/FR U",0.44047773,7.7931236e-08,0.067680013,0.0050541492,1.907236e-08,0.0045539963,6.4987851e-05,0.001769217,0.019144716,56.970162,0.085026111,7.5301864,3.5509013e-06,Animal production,Seafood
"Poulet, Bleu Blanc Coeur, à la ferme/FR U",1.9436173,9.7168154e-08,0.13458653,0.0047600108,3.2379301e-07,0.047072424,0.00043973886,0.012871043,0.20601912,171.95592,2.6169398,11.193985,6.7469125e-06,Animal production,Avian
"Tomate conventionnelle, serre récente, biomasse et gaz naturel, recyclage des drainages, à la ferme/FR U",0.67673207,5.0870578e-08,0.17278713,0.004728971,2.0638536e-07,0.0045041611,0.00026393344,0.001652678,0.016384307,49.327659,0.95316368,9.5949964,1.051687e-05,Plant production,Vegetables
"Cerise, conventionnelle,moyenne nationale, au verger/FR U",0.44232632,7.8761955e-08,0.033317056,0.0045507956,2.0768759e-08,0.0051906248,0.00024017954,0.0020666143,0.022256203,706.54502,28.262637,5.5003935,2.7879378e-06,Plant production,Fruits
"Riz thaï, Nord-Est, irrigué, Wet en saison, à la ferme/TH U",5.2375118,7.517994e-08,0.030114837,0.004353967,3.59422e-07,0.051937395,0.0056069525,0.040778942,0.22766937,68.101756,18.828005,7.5900727,5.6779231e-06,Plant production,Cereals
"Raisin, production intégrée, AOC Beaujolais, au vignoble/FR U",0.61196766,7.8636868e-08,0.049959818,0.0039899506,8.8781403e-08,0.0091212645,0.00024779578,0.0030330157,0.03695566,72.822266,0.29460309,7.3155104,2.4302238e-05,Plant production,Fruits
"riz Jasmine, moyenne nationale, à la ferme/TH U",3.6025923,7.6015649e-08,0.030180147,0.003849314,3.7071832e-07,0.053587997,0.0049751032,0.039459054,0.23517109,70.599442,9.7621468,7.6297622,5.6191589e-06,Plant production,Cereals
"Graine de chanvre, Champagne, à la ferme/FR U",0.84694916,5.4350252e-08,0.025328128,0.0036818879,1.3439668e-07,0.0209241,0.00049436052,0.014627985,0.093778965,242.09327,0.084676281,4.1402155,3.1947849e-06,Plant production,Cereals
"Riz thaï, Nord-Est, Rainnourri, Wet en saison, à la ferme/TH U",2.9578953,7.8557525e-08,0.031273928,0.003673617,3.930332e-07,0.05677605,0.0046438282,0.038746456,0.24924058,74.947832,0.66088275,7.9315698,5.8874636e-06,Plant production,Cereals
"Graines de lin extrudées, aliment Bleu Blanc Coeur, à la ferme/FR U",1.1168088,6.8459724e-08,0.049709388,0.0036598492,1.1094505e-07,0.018058139,0.00048476129,0.016085245,0.079339325,278.22148,0.24388015,6.4396887,4.7296213e-06,Plant production,Oil seeds
"Colza, conventionnel, 9% d'humidité, moyenne nationale, aliment pour animaux, production/FR U",1.4516054,9.672131e-08,0.047080304,0.0036168124,1.3071746e-07,0.017909492,0.00027108166,0.011797507,0.084440814,160.22485,0.13986114,7.970031,7.3756e-06,Plant production,Oil seeds
"Riz thaï, Nord, irrigué, Wet en saison, à la ferme/TH U",4.9525679,5.0493423e-08,0.019991598,0.0034669252,2.5100916e-07,0.036302234,0.0047516055,0.034698696,0.15936129,47.93433,12.687902,5.0702257,3.6468624e-06,Plant production,Cereals
"Riz thaï, Nord, Rainnourri, Wet en saison, à la ferme/TH U",4.1401083,5.9001168e-08,0.023723977,0.0034600509,2.9564607e-07,0.04270295,0.0052774707,0.038592916,0.18738869,56.401289,0.50284713,5.9582601,4.3493016e-06,Plant production,Cereals
"Tomate conventionnelle, panier moyen, serre chauffée, moyenne nationale, à la ferme/FR U",2.363582,3.8313265e-07,0.18173409,0.0033399767,5.9683719e-08,0.0057348356,0.00054305502,0.0027957619,0.013364955,-0.16125918,1.301829,37.165372,6.6066663e-06,Plant production,Vegetables
"Tomate mix conventionnel et biologique, sous abri, moyenne nationale, à la ferme/FR U",2.3310923,3.7768893e-07,0.17955562,0.0032993067,5.9016374e-08,0.0056692188,0.00053535088,0.0027674421,0.013273072,-0.23178674,1.3018089,36.659495,6.5445345e-06,Plant production,Vegetables
"Riz thaï, Nord, irrigué, Dry en saison, à la ferme/TH U",3.0558762,6.1923643e-08,0.024236282,0.0032719712,2.733538e-07,0.039626093,0.0049765262,0.036052663,0.17374698,51.838056,31.267843,6.0568266,4.3244111e-06,Plant production,Cereals
"Sardine européenne, la CEA, la Seine, moyenne, au débarquement/FR U",0.13749316,3.033569e-08,0.0084909101,0.003217648,3.5350043e-08,0.0046937896,5.9088364e-06,0.0011294805,0.012350035,0.37183354,0.0047647669,1.8933115,1.3705165e-06,Animal production,Fish
"Fraise conventionnelle, moyenne nationale, à la ferme/FR U",1.0391626,1.2678239e-07,0.19646129,0.0029185005,6.7306223e-08,0.0062165825,0.00050029478,0.0027921049,0.019645548,-3.9031492,4.0461337,20.552178,1.3016058e-05,Plant production,Fruits
"Fraise conventionnelle, hors sol sous abri non chauffé, à la ferme/FR U",0.74446631,5.4709096e-08,0.12827568,0.0026824838,5.9918564e-08,0.0062362281,0.0011312489,0.0046705229,0.020542823,-15.26973,6.029949,14.366757,1.6591175e-05,Plant production,Fruits
"Graine de tournesol,  conventionnel, 9% d'humidité, moyenne nationale, aliment pour animaux, à la ferme/FR U",1.020757,4.8424672e-08,0.038403902,0.0026797609,7.4139859e-08,0.0092421163,0.00052677318,0.0116652,0.0482447,241.64993,0.43018819,4.1009655,2.806405e-06,Plant production,Oil seeds
"Colza, moyenne à partir de 7 cas d'étude optimisés, levier culture intermédiaire, à la ferme/FR U",0.89981434,7.179882e-08,0.019913237,0.0026517451,1.108645e-07,0.017168725,0.00025971378,0.0080210898,0.074576623,134.2354,0.28124908,4.5299489,3.1911529e-06,Plant production,Oil seeds
"Colza, moyenne à partir de 7 cas d'étude optimisés, scénario de base, à la ferme/FR U",0.91070095,7.179873e-08,0.019913071,0.002651733,1.1086435e-07,0.017168711,0.00025971302,0.01033065,0.074576594,134.23539,0.28124751,4.5298787,3.1911209e-06,Plant production,Oil seeds
"Colza, moyenne à partir de 7 cas d'étude optimisés, levier légumineuse dans rotation, à la ferme/FR U",0.91290392,7.1744267e-08,0.019857943,0.0026499677,1.1072512e-07,0.017156614,0.00025867144,0.010879873,0.074575346,134.20326,0.27923957,4.5232906,3.2045553e-06,Plant production,Oil seeds
"Graine de tournesol,  moyenne à partir de deux études de cas optimisé, levier culture intermédiaire, à la ferme/FR U",0.76967965,4.7759087e-08,0.021352446,0.0026368538,4.0214088e-08,0.0070363298,0.00071988079,0.010576571,0.030194639,235.40562,0.14560996,3.6234758,2.3830004e-06,Plant production,Oil seeds
"Lupin de printemps, 2015, conventionnel, moyenne nationale, à la ferme, production/FR U",0.86174116,5.2177394e-08,0.026234099,0.0025845587,2.6093867e-07,0.038482303,0.0004359866,0.018938307,0.17000948,318.4216,0.54717338,3.7262301,2.7981227e-06,Plant production,Legumes
"Fraise conventionnelle, hors sol sous abri anti gel, à la ferme/FR U",0.84813224,9.9991037e-08,0.25075283,0.0024804165,4.8147478e-08,0.0051882863,0.00061924459,0.0026233101,0.015535378,-11.338516,3.3831774,19.073607,1.366474e-05,Plant production,Fruits
"Lupin de printemps, 2013, conventionnel, moyenne nationale, à la ferme, production/FR U",0.89731553,4.8429245e-08,0.025211292,0.0024303193,2.4838953e-08,0.0030474219,0.00045372101,0.01890475,0.016315106,338.05216,0.072481053,3.4834882,2.5236878e-06,Plant production,Legumes
"Tomate conventionnelle, serre ancienne, gaz naturel, sans recyclage des drainage, à la ferme /FR U",1.9144713,3.0416721e-07,0.14633742,0.0024139888,2.5661862e-08,0.0031130835,0.0012117671,0.0042138198,0.0093503166,-0.62200738,1.6116289,31.208274,4.9810074e-06,Plant production,Vegetables
"Tomate conventionnelle, calibre intermédiaire, sous abri chauffé, à la ferme",1.6743165,2.7140387e-07,0.12873697,0.0023659759,4.227881e-08,0.0040624483,0.00038468983,0.0019804645,0.0094674796,-0.11423293,0.92219088,26.327242,4.6800366e-06,Plant production,Vegetables
"Lait de brebis, conventionnel, système Roquefort, à la ferme/FR U",1.7120396,4.0353415e-08,0.075628975,0.0023015037,2.6792094e-07,0.039199922,9.36265e-05,0.008725097,0.17396753,206.16659,0.28131381,4.6350873,2.3314791e-06,Animal production,Dairy
"lait de chèvre, aire de fourrage conventionnel, intensif, à la ferme/FR U",1.119468,3.5578922e-08,0.085328373,0.0022982357,2.1486493e-07,0.030619269,0.00012016673,0.0056807367,0.13392456,91.751702,1.0209093,4.7370464,2.2405297e-06,Animal production,Dairy
"Ananas, la production mixte, moyenne île de la Réunion, sur le site de production/RE U",0.86776842,3.0805697e-08,0.02033876,0.0022937689,1.1494416e-07,0.010307536,2.2330293e-05,0.0066812279,0.069733334,25.756989,0.54460188,2.9045027,1.2600821e-06,Plant production,Fruits
"Raisin, intégré, mélange français/FR U",0.39178155,3.9624703e-08,0.028997211,0.0021832992,5.5701669e-08,0.0054933337,0.00015061582,0.003814142,0.026553964,54.91663,0.1244651,3.779649,1.3679403e-05,Plant production,Fruits
"Graine de tournesol,  moyenne de deux études de cas optimisé, levier légumineuse dans rotation, à la ferme/FR U",0.78718415,3.7648442e-08,0.017156513,0.0021288557,4.776349e-08,0.0078412473,0.00071368922,0.013287923,0.033612451,232.99459,0.16472474,3.1331815,2.4279766e-06,Plant production,Oil seeds
"Graine de tournesol, moyenne à partir de deux études de cas optimisés, scénario de base, à la ferme/FR U",0.78498908,3.7621839e-08,0.01714526,0.0021274486,4.7753059e-08,0.0078392445,0.0007137084,0.012851387,0.033607183,232.99444,0.16475386,3.1311322,2.4237682e-06,Plant production,Oil seeds
"Raisin, production intégrée, mélange de variétés, Languedoc-Roussillon, au vignoble/FR U",0.38482848,3.8330965e-08,0.028318026,0.0021241088,5.465052e-08,0.0053767746,0.00014750079,0.0038496053,0.02624219,54.399038,0.1187226,3.6627818,1.3333119e-05,Plant production,Fruits
"Blé dur, conventionnel, moyenne nationale, à la ferme/FR U",0.7305641,4.0005551e-08,0.036638209,0.0020991913,5.5667554e-08,0.0090205799,0.00023804011,0.0077028398,0.039643519,101.12606,1.8387217,4.1159744,2.9688775e-06,Plant production,Cereals
"Tomate conventionnelle, serre récente, gaz naturel, avec recyclage des drainages, à la ferme/FR U",1.6171272,2.5928735e-07,0.10889002,0.001992199,1.9156566e-08,0.0025345151,0.00012324284,0.00078510421,0.0078610755,-0.51361332,0.91065525,26.211453,4.0489563e-06,Plant production,Vegetables
"Tomate conventionnelle, serre récente, gaz naturel, avec recyclage des drainages, empreinte eau, à la ferme/FR U",1.6171272,2.5928735e-07,0.10889002,0.001992199,1.9156566e-08,0.0025345151,0.00012324284,0.00078510421,0.0078610755,-0.51361332,0.9051371,26.211453,4.0489563e-06,Plant production,Vegetables
"Lait de vache, de lait système conventionnel, montagne, nourri à l'herbe, à la ferme/FR U",1.286298,3.5368514e-08,0.050950885,0.0019798802,1.1702266e-07,0.017389892,7.8787098e-05,0.0028901891,0.076159987,96.034498,0.36255176,4.1170772,3.6956136e-06,Animal production,Dairy
"Tomate conventionnelle, serre récente, gaz naturel, sans recyclage des drainages, à la ferme/FR U",1.6089563,2.591797e-07,0.11062303,0.0019778876,1.9694698e-08,0.0024845875,0.0002741931,0.0012410882,0.0075461728,-0.45736317,1.2171229,26.223937,3.7835846e-06,Plant production,Vegetables
"Tomate conventionnelle, serre récente, gaz naturel, sans recyclage des drainages, empreinte eau, à la ferme/FR U",1.6089563,2.591797e-07,0.11062303,0.0019778876,1.9694698e-08,0.0024845875,0.0002741931,0.0012410882,0.0075461728,-0.45736317,1.1618097,26.223937,3.7835846e-06,Plant production,Vegetables
"Graines de lin, paille, Rand, Normandie, à la ferme/FR U",0.28439409,3.5862887e-08,0.019166737,0.0019777404,1.5551172e-08,0.0035585424,0.000105326,0.0015879312,0.011196077,64.80406,0.065262267,2.7166871,2.0902723e-06,Plant production,Oil seeds
"Blé tendre, conventionnel, améliorant protéine, 15% d'humidité, à la ferme/FR U",0.64145073,3.6162336e-08,0.02771819,0.0019381825,5.912498e-08,0.0094470424,0.00014962835,0.0062394257,0.041621034,75.062128,1.2636477,3.5592539,2.6846971e-06,Plant production,Cereals
"Fraise conventionnelle, sol sous abri non chauffé, à la ferme/FR U",0.48272235,3.7220542e-08,0.077609459,0.0019074938,3.9865584e-08,0.0040639447,0.00014251014,0.00073454367,0.013197098,-10.635416,2.7272984,10.298193,1.1503239e-05,Plant production,Fruits
"Melon conventionnel, sous tunnel, à la ferme/FR U",0.32007659,3.2907013e-08,0.05280895,0.0018855919,2.7685044e-08,0.0031528747,6.8923673e-05,0.0012550196,0.014527372,-14.948005,3.8740218,6.1048937,4.5425091e-06,Plant production,Vegetables
"Pois de senteur annuel pour transformation industrielle, conventionnel, moyenne nationale, à la ferme/FR U",0.39610353,3.9440455e-08,0.01226474,0.0018562641,3.8594996e-08,0.0064458272,8.9875423e-05,0.0060336014,0.02885275,69.170443,3.1873963,2.2067801,1.0293249e-06,Plant production,Vegetables
"Lupin, conventionnel, moyenne nationale, à la ferme, production/FR U",0.66398244,3.4601596e-08,0.017728394,0.0017848904,5.5542221e-08,0.0082161983,0.00036768338,0.015522308,0.036577928,267.74604,0.20311543,2.5210108,1.8654026e-06,Plant production,Legumes
"Fraise industrie, plein champ, conventionnel, à la ferme/ES U",0.23262572,3.3811395e-08,0.074287498,0.0017807216,3.4767971e-08,0.0056395247,6.9608969e-05,0.0043037612,0.023848073,97.75737,5.9986745,4.283248,2.0364051e-06,Plant production,Fruits
"Poireau conventionnel, automne irrigué, à la ferme/FR U",0.41278793,3.8946145e-08,0.06106165,0.0017777916,6.2731001e-08,0.0046023673,2.1725587e-05,0.001778731,0.036445362,7.9649272,2.4104175,3.1268191,1.4939598e-06,Plant production,Vegetables
"Lait de vache, moyenne nationale, à la ferme/FR U",1.1157483,2.4277559e-08,0.039004847,0.0017539456,8.4379252e-08,0.012620732,0.00012075914,0.0040801732,0.054992217,69.089423,0.35881663,2.4073496,2.4801866e-06,Animal production,Dairy
"Raisin pour du jus, conventionnel, à la ferme/US U",0.35360469,6.0870392e-08,0.022006778,0.0017530877,2.085525e-08,0.0037652825,0.00013695461,0.0030962965,0.011244868,29.247093,45.009878,4.1865957,2.1529536e-05,Plant production,Fruits
"Tomate conventionnelle, serre semi fermée, énergie fatale et biomasse, avec CO2 liquide, avec recyclage des drainages, à la ferme/FR U",0.56495355,3.458854e-08,0.29214852,0.0017465911,5.1521636e-08,0.002760016,0.00023347775,0.00078121568,0.0071220961,8.4868364,0.88453769,10.76501,1.0903223e-05,Plant production,Vegetables
"Lait de vache, système conventionnel, Lait de plaine, le maïs d'ensilage plus de 30%, à la ferme/FR U",1.0853898,2.3160877e-08,0.035950879,0.0017265886,7.587445e-08,0.011363542,0.0001362924,0.0041160392,0.049263935,60.398124,0.38226807,2.1562662,2.3890877e-06,Animal production,Dairy
"Lait de vache, système conventionnel, plaine de lait, du maïs ensilage 5 à 10%, à la ferme/FR U",1.1614497,1.8051815e-08,0.040691709,0.0016976303,8.7474469e-08,0.013096795,8.9829949e-05,0.0042457892,0.057453012,80.042988,0.25325022,1.9941129,2.2404736e-06,Animal production,Dairy
"Lait de vache, système conventionnel, plaine du lait, du maïs ensilage 10 à 30%, à la ferme/FR U",1.0826419,2.1725177e-08,0.035704055,0.0016808637,8.6835124e-08,0.012964651,0.00012414379,0.0043285342,0.056599245,66.63615,0.34113244,2.0540923,2.1672006e-06,Animal production,Dairy
"Lupin d'hiver, 2015, conventionnel, moyenne nationale, à la ferme, production/FR U",0.54076838,2.8155539e-08,0.014529299,0.0016444433,3.0936913e-08,0.0050716693,0.00030950728,0.013117013,0.021706482,222.95893,0.26650473,2.1397905,1.509161e-06,Plant production,Legumes
"Triticale, conventionnel, moyenne nationale, alimentation animale, à la ferme, production/FR U",0.54075626,3.1938963e-08,0.011803004,0.0016414388,3.9401393e-08,0.0064844803,0.00017104267999999,0.007219324,0.028658844,101.64398,0.094016149,2.5405721,2.0671852e-06,Plant production,Cereals
Fibres de chanvre/FR U,0.36892947,2.3650564e-08,0.011021876,0.0016014503,5.8655214e-08,0.0091291849,0.00021558847,0.0063736861,0.040914327,105.49861,0.036884702,1.8018315,1.3909102e-06,Plant production,Cereals
"Avoine, moyenne nationale, alimentation animale, à la ferme/FR U",0.5489596,2.754545e-08,0.011387943,0.001588028,5.9824867e-08,0.0093810313,0.00017381225999999,0.0070739379,0.041493442,103.07395,0.12211073,2.4557708,1.8732594e-06,Plant production,Cereals
"Clémentine, la qualit ""exportation"", du Souss, au verger/MA U",0.30201369,4.1783685e-08,0.011498549,0.0015589847,1.5554128e-08,0.0033894278,8.8081182e-05,0.00058926601,0.010679793,26.990852,17.746589,3.518619,1.5789822e-06,Plant production,Fruits
"Poireau conventionnel, précoce planté, à la ferme/FR U",0.37861113,2.2995412e-08,0.070195991,0.0015300331,6.1386321e-08,0.0044639142,3.0734932e-05,0.0015270666,0.033592058,8.7732379,3.1640477,3.4747723,1.895268e-06,Plant production,Vegetables
"Poireau conventionnel, précoce semé, à la ferme/FR U",0.3772136,2.5499451e-08,0.052252539,0.001501939,6.3200873e-08,0.0047423657,3.4934404e-05,0.0017242902,0.034185936,12.299739,1.8085514,2.8958643,1.9822488e-06,Plant production,Vegetables
"Courgette conventionnelle, automne sous tunnel, à la ferme/FR U",0.30440537,2.5196311e-08,0.043109181,0.0014880681,3.6112097e-08,0.0040045865,5.2018951e-05,0.0010409787,0.019836353,-7.994176,3.2345066,4.705386,3.4183577e-06,Plant production,Vegetables
"Melon conventionnel, sous chenille, à la ferme/FR U",0.25220667,2.5601885e-08,0.050501445,0.0014277721,1.4937332e-08,0.0023405046,0.00010973718,0.0029728354,0.0083453252,23.590012,4.7292471,5.3675015,2.2135751e-06,Plant production,Vegetables
"Blé tendre, conventionnel, panifiable, 15% d'humidité, à la ferme/FR U",0.46816228,2.6804953e-08,0.012311965,0.0014145792,4.8247849e-08,0.0075957902,0.00011059075,0.005158246,0.032993645,67.299641,0.22054347,2.3847123,2.1763288e-06,Plant production,Cereals
"Blé tendre, conventionnel, moyenne nationale, alimentation animale, à la ferme/FR U",0.46777761,2.6776304e-08,0.012292693,0.0014132699,4.8216825e-08,0.0075910399,0.00011050818,0.0051544001,0.032973149,67.249906,0.22043795,2.3822066,2.1744556e-06,Plant production,Cereals
"Tomate conventionnelle, serre semi fermée, énergie fatale et biomasse, sans CO2 liquide, avec recyclage des drainages, à la ferme/FR U",0.20814119,1.7215853e-08,0.28135935,0.0014078625,5.3662177e-08,0.0019529163,0.00013170814,0.00065100621,0.006375096,8.8644618,0.94463328,7.9381225,4.515334e-06,Plant production,Vegetables
"Kiwi FR, conventionnel, moyenne nationale, au verger/FR U",0.33862158,2.6915787e-08,0.024995629,0.0013989612,3.9543401e-08,0.0035399955,7.7241293e-05,0.00073007636,0.019605852,46.565556,9.9228069,2.8305791,9.3071881e-06,Plant production,Fruits
"Poireau conventionnel, moyenne nationale, à la ferme",0.29186534,2.8859739e-08,0.036686274,0.0013900251,4.1207734e-08,0.0036638073,2.3821489e-05,0.0016021806,0.024400382,8.0266402,1.2228271,2.4397368,1.5325709e-06,Plant production,Vegetables
"Pois d'hiver, conventionnel, 15% d'humidité, à la ferme/FR U",0.38395923,4.2803232e-08,0.020883367,0.0013706018,1.3406572e-08,0.0024802758,0.00027390228,0.0096622852,0.010178412,140.60558,0.73992257,2.0151924,1.2659592e-06,Plant production,Legumes
"Endive conventionnelle, précoce, à la ferme/FR U",0.39494375,1.2126338e-07,0.20620837,0.0013428928,1.0863955e-08,0.0016875262,7.1800265e-05,0.0023778576,0.0058531806,35.708817,2.0330108,6.8804837,2.9964524e-06,Plant production,Vegetables
"Lupin d'hiver, 2013, conventionnel, moyenne nationale, à la ferme, production/FR U",0.61369276,2.8424005e-08,0.014487651,0.0013404416,1.2251005e-08,0.0016152324,0.00036402036,0.015209739,0.0074482464,263.97106,0.056768719,2.0291222,1.5838242e-06,Plant production,Legumes
"Blé tendre, moyenne à partir de 11 cas d'études optimisés, levier culture intermédiaire systématique du scénario, à la ferme/FR U",0.44406197,2.6121163e-08,0.012475557,0.001334069,4.9763223e-08,0.0077622623,9.5117419e-05,0.0040588668,0.03400816,59.930285,0.30287345,2.319683,1.6596549e-06,Plant production,Cereals
"Blé tendre, moyenne à partir de 11 cas d'études optimisés, scénario de base, à la ferme/FR U",0.44355471,2.5211228e-08,0.012016928,0.0012792902,4.9255339e-08,0.0076591421,9.4789241e-05,0.0049433045,0.033574522,59.918075,0.30250652,2.2504142,1.627017e-06,Plant production,Cereals
"Pois de printemps, conventionnel, 15% d'humidité, aliment pour animaux, à la ferme, production/FR U",0.33637942,3.9790827e-08,0.022018523,0.0012504406,1.1496479e-08,0.0021605808,0.0001690124,0.0081512368,0.0088651895,118.13686,0.90830454,1.9125862,1.1517022e-06,Plant production,Legumes
"Blé tendre, moyenne à partir de 11 cas d'études optimisés, levier légumineuse dans rotation, à la ferme/FR U",0.42761862,2.3726503e-08,0.011389908,0.0011940879,4.4879684e-08,0.0069871249,9.1157112e-05,0.0050005569,0.030570476,69.063396,0.28625506,2.0859246,1.5062397e-06,Plant production,Cereals
"Endive conventionnelle, tardive, à la ferme/FR U",0.4105519,1.1699532e-07,0.50008475,0.0011842836,1.8656975e-08,0.0024738879,7.5227766e-05,0.0021014051,0.008756056,29.721699,0.40912499,12.543584,4.8898918e-06,Plant production,Vegetables
"Poireau conventionnel, hiver non irrigué, à la ferme/FR U",0.20545823,2.622538e-08,0.014726184,0.0011648988,2.3954795e-08,0.0029259902,2.1954776e-05,0.0015349011,0.015539773,7.5267287,0.0756964,1.7931526,1.4119056e-06,Plant production,Vegetables
"Maïs grain, moyenne de six cas d'études optimisés, levier culture intermédiaire systématique, à la ferme/FR U",0.37587394,3.5055593e-08,0.071129609,0.0011531773,6.2739916e-08,0.0094707995,0.00014097583,0.0026351022,0.041339989,53.370089,5.0750177,3.4533276,1.870281e-06,Plant production,Cereals
"Endive, mix conventionnel et biologique, moyenne nationale, à la ferme FR U",0.38673672,1.1662273e-07,0.33180672,0.0011325677,1.5082796e-08,0.0021044082,6.7377016e-05,0.0020790119,0.0075496778,29.527071,0.75613123,9.0001599,3.7081927e-06,Plant production,Vegetables
"Endive conventionnelle, moyenne nationale, à la ferme/FR U",0.38311424,1.157819e-07,0.33102552,0.0011217707,1.511566e-08,0.00210359,6.7071307e-05,0.0020584438,0.007550775,29.202236,0.76019732,8.96822,3.649396e-06,Plant production,Vegetables
"Soja, moyenne nationale, aliment pour animaux, à la ferme/FR U",0.46200833,2.8580501e-08,0.0097234185,0.0010971721,1.5422372e-08,0.0026578915,0.00029088275,0.0093981997,0.010909448,201.80471,0.031044918,1.485146,1.1158486e-06,Plant production,Legumes
"Sorgho, conventionnel, moyenne nationale, alimentation animale, à la ferme/FR U",0.40257254,2.7107172e-08,0.020775149,0.001092129,1.9787217e-08,0.0032982968,0.00027046761,0.0049545636,0.013580315,106.36533,0.96563868,1.9938696,1.4631827e-06,Plant production,Roughage
"Tomate conventionnelle, serre récente, énergie fatale et gaz naturel, avec recyclage des drainages, à la ferme/FR U",0.60855359,6.5987421e-08,0.13100108,0.0010891482,1.7483479e-08,0.0018885343,0.00017490127,0.00055524465,0.0044316216,-0.27095346,0.90381015,9.8728141,6.7828582e-06,Plant production,Vegetables
"Chou-fleur conventionnel, culture d'hiver, à la ferme/FR U",0.2611317,2.5511191e-08,0.014580054,0.0010771972,3.2331814e-08,0.0042411077,2.5579091e-05,0.0030691586,0.021160094,23.070291,0.019039209,1.7238308,9.9961709e-07,Plant production,Vegetables
"Maïs grain, moyenne de six cas d'études optimisés, scénario de base, à la ferme/FR U",0.37416943,3.0430984e-08,0.069643727,0.0010729329,6.40358e-08,0.0096289968,0.00013831343,0.0038130286,0.042172483,53.011762,5.0691697,3.1544604,1.632432e-06,Plant production,Cereals
"Chou-fleur mix conventionnel et biologique, moyenne nationale, à la ferme/FR U",0.25714609,2.5302662e-08,0.01447333,0.0010699953,3.0098848e-08,0.0040212326,2.5483413e-05,0.0035400623,0.019874186,22.584386,0.044492903,1.7301043,1.021517e-06,Plant production,Vegetables
"Melon conventionel, moyenne nationale, à la ferme/FR U",0.17313507,2.0331717e-08,0.040695944,0.0010612037,1.0305326e-08,0.0016127221,8.3448162e-05,0.0023043537,0.0060739604,19.384965,4.2352758,3.6554608,1.6838451e-06,Plant production,Vegetables
"Melon mix conventionnel et biologique, moyenne nationale, à la ferme/FR U",0.17269509,2.0296521e-08,0.040712191,0.0010603978,1.0236853e-08,0.0016056402,8.3546014e-05,0.0023081369,0.0060466847,19.452738,4.242407,3.6514289,1.6890417e-06,Plant production,Vegetables
"Chou-fleur conventionnel, moyenne nationale, à la ferme/FR U",0.25630043,2.5262997e-08,0.014443585,0.0010575682,2.9839887e-08,0.0039528109,2.525608e-05,0.003523575,0.019634828,22.239548,0.045495922,1.7189583,1.018947e-06,Plant production,Vegetables
"Maïs grain, conventionnel, 28% d'humidité, moyenne nationale, alimentation animale, à la ferme/FR U",0.38706891,2.4839603e-08,0.042192033,0.0010570432,5.53185e-08,0.0080679908,9.7183237e-05,0.0033663195,0.036431405,48.058753,2.7326369,2.4943727,1.5968594e-06,Plant production,Cereals
"Maïs grain,, conventionnel, 28% d'humidité, moyenne nationale, avec l'empreinte de l'eau, alimentation animale, à la ferme/FR U",0.38706891,2.4839603e-08,0.042192033,0.0010570432,5.53185e-08,0.0080679908,9.7183237e-05,0.0033663195,0.036431405,48.058753,3.1704102,2.4943727,1.5968594e-06,Plant production,Cereals
"Maïs grain, moyenne de six cas d'études optimisés, levier légumineuse dans rotation, à la ferme/FR U",0.34239645,2.9241749e-08,0.069256998,0.0010061521,5.8751851e-08,0.0088375294,0.00013481937,0.003847631,0.038664996,50.322023,5.0534909,3.0031868,1.5208441e-06,Plant production,Cereals
"Fraise conventionnelle, plein champ, à la ferme/FR U",0.1769713,2.0234936e-08,0.068108786,0.00099847642,3.5554907e-08,0.0053477511,6.6100925e-05,0.0040456853,0.022396747,31.729601,5.9968595,3.369745,1.7163397e-06,Plant production,Fruits
"Pêche, mix conventionnel et biologique, moyenne nationale, au verger/FR U",0.19682888,2.1690294e-08,0.060095903,0.00098185838,2.6100219e-08,0.0029833561,2.9974242e-05,0.0021816945,0.015844947,23.804746,12.564744,2.5958161,2.6177511e-06,Plant production,Fruits
"Pêche conventionnelle, moyenne nationale, au verger/FR U",0.19650074,2.1632599e-08,0.059529975,0.00097575178,2.6155485e-08,0.0029930488,2.9810727e-05,0.0021478303,0.015865821,23.546027,12.431605,2.5836262,2.5704452e-06,Plant production,Fruits
"Fraise industrie, plein champ, conventionnel, à la ferme/MA U",0.16577065,1.9505532e-08,0.067731025,0.00096238201,3.3400726e-08,0.0049821242,6.5538336e-05,0.0040245017,0.020789019,63.380284,5.9965992,3.3158743,1.6683002e-06,Plant production,Fruits
"Fraise industrie, plein champ, conventionnel, à la ferme/PL U",0.16577065,1.9505532e-08,0.067731025,0.00096238201,3.3400726e-08,0.0049821242,6.5538336e-05,0.0040245017,0.020789019,135.70132,5.9965992,3.3158743,1.6683002e-06,Plant production,Fruits
"Féverole, conventionnel, moyenne nationale, à la ferme/FR U",0.2959505,1.9855346e-08,0.0087743388,0.00095985088,9.344628e-09,0.0017144315,0.00012019984,0.0074050232,0.0070652068,105.14683,0.028072082,1.3132791,8.1450017e-07,Plant production,Legumes
"Endive conventionnelle, saison, à la ferme/FR U",0.34976183,1.1182773e-07,0.22437487,0.00094869684,1.3700198e-08,0.001941324,5.655037e-05,0.0018557756,0.0071942913,25.429483,0.47486295,6.4367242,2.735372e-06,Plant production,Vegetables
"Melon conventionnel, plein champ, à la ferme/FR U",0.1508898,1.8610542e-08,0.038461187,0.00094579919,8.2500208e-09,0.0013918805,8.1486867e-05,0.002312791,0.0050720279,21.816041,4.205998,3.236589,1.3741012e-06,Plant production,Vegetables
"Féverole, conventionnel, protection intégrée, à la ferme/FR U",0.29302395,1.8967634e-08,0.0085052783,0.00092833819,9.262827e-09,0.0016870699,0.00011976787,0.0073938738,0.0069487776,105.13975,0.028194574,1.2708167,7.9382574e-07,Plant production,Legumes
"Chou-fleur conventionnel, culture d'été, à la ferme/FR U",0.22216988,2.3509625e-08,0.013479497,0.00091889863,1.2235623e-08,0.001916133,2.2974164e-05,0.0067338068,0.0088595574,16.370754,0.2323998,1.6845365,1.1555034e-06,Plant production,Vegetables
"Chou-fleur, hiver, conventionnel, replacement de part de azote minéral par de la fumure organique, à la ferme/FR U",0.20632815,2.2210582e-08,0.01010615,0.00091246478,4.7296543e-08,0.0072134944,2.308715e-05,0.0033574407,0.031785333,22.38404,0.017272843,1.3627796,7.8554735e-07,Plant production,Vegetables
"Palmier à huile, fruit, avec déforestation, sur des terres récemment transformé, alimentation animale, à la ferme/MY U",1.5666813,7.012966e-09,0.0051666103,0.00089848216,1.9806897e-08,0.0025694286,2.9610483e-05,0.0015495168,0.0096633426,23.601279,0.053128451,0.85502942,2.3321041e-06,Plant production,Oil seeds
"Courgette conventionnelle, plein champ, à la ferme/FR U",0.13229642,1.6690325e-08,0.01978394,0.00088065617,8.2625076e-09,0.0014748692,4.0243029e-05,0.0018142398,0.0059265764,17.326494,2.2076109,1.8603982,1.1657257e-06,Plant production,Vegetables
"Laitue conventionnelle, plein champ, à la ferme/FR U",0.20924822,1.4916405e-08,0.041382943,0.00087975448,3.2701197e-08,0.0023384491,1.3143494e-05,0.0015392241,0.01870256,5.5519346,1.9796873,2.2495232,8.0255796e-07,Plant production,Vegetables
"Courgette conventionnelle, moyenne nationale, à la ferme/FR U",0.16061978,1.6187102e-08,0.024130571,0.00087445989,1.5064288e-08,0.0019836572,3.6440284e-05,0.0012433,0.0089320088,6.4689128,2.35753,2.3974012,1.6527193e-06,Plant production,Vegetables
"Courgette mix conventionnel et biologique, moyenne nationale, à la ferme/FR U",0.16043837,1.6112107e-08,0.024309479,0.00087161286,1.507973e-08,0.0019726382,3.6271704e-05,0.0012288655,0.0089134512,6.2072086,2.3779596,2.4081493,1.6579853e-06,Plant production,Vegetables
"Chou-fleur, hiver, conventionnel, avec culture précédente semée sous trèfle, à la ferme/FR U",0.20128803,2.2584025e-08,0.010184441,0.00086450579,2.3823635e-08,0.0038026305,2.2843296e-05,0.0037552103,0.01651304,22.386004,0.017383455,1.3849936,7.841178e-07,Plant production,Vegetables
"Chou-fleur, hiver, conventionnel, management de l'azote avec un outil d'aide à la décision Pilazo, à la ferme/FR U",0.19084993,2.2268307e-08,0.010072809,0.00085730364,2.4151292e-08,0.0038466178,2.2751164e-05,0.0028376712,0.016716393,22.383406,0.017233361,1.3641611,7.756262e-07,Plant production,Vegetables
"Sorgho ensilage, moyenne nationale, alimentation animale, à la ferme/FR U",0.1917854,1.7545522e-08,0.012289709,0.00084713643,2.1921935e-08,0.0035927085,0.00017755236,0.0033066216,0.015791668,57.566423,0.49869747,1.1344363,5.9239815e-07,Plant production,Roughage
"Chou-fleur, hiver, conventionnel, management de l'azote avec un outil d'aide à la décision Pilazo, à la ferme/FR U",0.20934322,1.9165719e-08,0.0099838299,0.00083533962,2.3838693e-08,0.003788012,2.2601553e-05,0.0027485638,0.016504781,22.380622,0.016588822,1.3441758,7.6062773e-07,Plant production,Vegetables
"Pomme conventionnelle, bâche anti pluie, au verger/FR U",0.10064323,1.7357267e-08,0.020791509,0.00080864482,5.6156398e-09,0.0010522783,2.1283036e-05,0.00047628203,0.0040649656,13.671957,2.8033608,1.8615815,1.7613066e-06,Plant production,Fruits
"Luzerne, conventionnel, par déshydratation, alimentation animale, à la ferme/FR U",0.1820769,1.8283848e-08,0.0084135733,0.00078520604,7.1178539e-09,0.0010317015,3.2233985e-05,0.0026435488,0.0028702797,51.650391,0.052978292,1.341652,1.526869e-06,Plant production,Roughage
"Oignon conventionnel, jour long planté, à la ferme/FR U",0.14916929,1.9708413e-08,0.073668896,0.00078131803,1.4009765e-08,0.0022442931,6.3132108e-05,0.0039125284,0.0080163064,27.066714,5.2262501,2.7403654,4.5118291e-06,Plant production,Vegetables
"Production de racine d'endive conventionnelle, précoce, à la ferme FR U",0.13151419,1.8038516e-08,0.01096841,0.0007729303,2.819479e-09,0.0007299524,2.6561037e-05,0.0016191283,0.002882204,25.674723,1.2902422,1.3937044,8.2907627e-07,Plant production,Vegetables
"Chou-fleur, hiver, conventionnel, avec récolte de l'assistance électrique, à la ferme/FR U",0.23534329,2.0110109e-08,0.019337296,0.00077012816,3.2537997e-08,0.0042692511,2.7265835e-05,0.0033245945,0.02052819,22.906314,0.022664944,1.5398852,1.4383957e-06,Plant production,Vegetables
"Carotte, conventionnel, hiver, Creances, Basse-Normandie, à la ferme/FR U",0.12120192,1.8065965e-08,0.019332143,0.00076888628,1.6154704e-08,0.0025604746,2.6550449e-05,0.0025373754,0.0091532652,6.1515653,0.87490307,1.6295372,1.7140252e-06,Plant production,Vegetables
"Courgette conventionnelle, printemps sous tunnel, à la ferme/FR U",0.17062046,1.4036046e-08,0.026192183,0.00076219179,1.9766618e-08,0.0022592053,2.9144689e-05,0.00058161784,0.010736028,-4.3027728,2.3906862,2.6583686,1.9452565e-06,Plant production,Vegetables
"Algue production optimisée, 1 kg d'algues (Laminaria), poids frais/FR U",0.10143546,8.7260191e-09,0.024856399,0.00070424063,8.7633552e-09,0.00099970793,2.1023815e-05,0.00025312104,0.0024330072,0.28701353,0.05739524,2.0989333,4.6068856e-07,Plant production,Other
"Laitue conventionnelle, moyenne nationale, à la ferme/FR U",0.16549515,1.2353935e-08,0.032185529,0.00069223674,2.2502407e-08,0.0018445509,2.3880162e-05,0.00090925582,0.011883332,0.10972908,1.7208432,2.5478785,1.6116474e-06,Plant production,Vegetables
"Palmier à huile, fruit, alimentation animale moyen, animal, à la ferme/MY U",1.0624924,7.0928152e-09,0.0052512516,0.00068587538,1.907932e-08,0.0025691731,2.9912654e-05,0.0029137929,0.0096750791,22.546086,0.05329919,0.87268129,2.369579e-06,Plant production,Oil seeds
"Chanvre, paille, Champagne, à la ferme/FR U",0.15219863,9.7568334e-09,0.0045469785,0.00066066431,2.4197695e-08,0.0037661654,8.8939138e-05,0.0026294085,0.016878848,43.522527,0.015216461,0.74332981,5.7380784e-07,Plant production,Cereals
"Pomme conventionnelle, système de pulvérisation fixe, au verger/FR U",0.080340768,1.8616053e-08,0.01537934,0.00065900761,4.9401167e-09,0.00092867705,2.0015396e-05,0.00039645434,0.0034353725,12.298678,2.0269463,1.3143338,2.0379684e-06,Plant production,Fruits
"Banane conventionnelle Antilles, à la ferme WI/U",0.21901079,2.1715562e-08,0.012619144,0.00065604067,5.5874794e-08,0.0073075231,2.3222955e-05,0.00043534017,0.033682251,17.384847,0.99884692,2.1409046,1.9175445e-06,Plant production,Fruits
"Laitue conventionnelle, hiver sous tunnel, à la ferme/FR U",0.15345019,1.2040174e-08,0.021655457,0.00062661577,1.6415689e-08,0.0016609597,3.7307894e-05,0.00045537602,0.0073859962,-5.084653,1.5305401,2.9716956,2.6535737e-06,Plant production,Vegetables
"Poire mix conventionnel et biologique, au verger/FR U",0.088295762,1.5250927e-08,0.032417994,0.00062195774,6.6900842e-09,0.0010665189,1.5045549e-05,0.00058435572,0.0048929741,12.754675,6.6304486,1.4941568,1.81505e-06,Plant production,Fruits
"Poire conventionnelle, au verger/FR U",0.085932711,1.5226344e-08,0.030357599,0.00059045564,6.7905793e-09,0.0010676931,1.3924372e-05,0.00055546138,0.0048877962,12.045228,6.2769969,1.424001,1.5090424e-06,Plant production,Fruits
"Chou-fleur, hiver, conventionnel, N gestion avec Pilazo et assistance électrique à la récolte, à la ferme/FR U",0.17212384,1.5207475e-08,0.015799554,0.00058102412,2.3967029e-08,0.0036400551,2.4709996e-05,0.0027415524,0.015665204,22.362521,0.018806011,1.2442708,1.2337856e-06,Plant production,Vegetables
"Luzerne, moyenne conventionnelle, nationale, à la ferme/FR U",0.22197231,1.3161592e-08,0.0072128872,0.00057316303,3.6934039e-09,0.00063434454,2.4749218e-05,0.0036321147,0.0020305603,68.577037,0.029216895,1.1879355,8.6910368e-07,Plant production,Roughage
"Pomme mix conventionnel et biologique, moyenne nationale, au verger/FR U",0.090511926,1.7694427e-08,0.016693234,0.0005714941,7.9359593e-09,0.0009845837,1.5360003e-05,0.0004584462,0.0050883609,12.202355,2.6147966,1.1194263,1.5083329e-06,Plant production,Fruits
"Pomme conventionnelle, non tolérante à la tavelure, au verger/FR U",0.090758295,1.8136867e-08,0.016478455,0.00056789706,7.9769918e-09,0.00098423724,1.5233704e-05,0.00043782134,0.0050881059,11.956085,2.5615509,1.1176093,1.4696911e-06,Plant production,Fruits
"Pomme conventionnelle, moyenne nationale, au verger/FR U",0.090173176,1.7675053e-08,0.016461139,0.00056433294,7.9401578e-09,0.00097727655,1.5158415e-05,0.00044021541,0.0050700801,12.010605,2.5746069,1.1077449,1.4626231e-06,Plant production,Fruits
"Pomme à cidre, moyen conventionnel, national, au verger/FR U",0.092758288,1.5911704e-08,0.0055991698,0.00053728112,3.513265e-09,0.00077329445,1.4414556e-05,0.0010278446,0.0030851964,19.680869,0.01431134,0.917581,1.5131847e-06,Plant production,Fruits
"Pomme conventionnelle, tolérante tavelure, au verger/FR U",0.084907104,1.3518721e-08,0.016305297,0.00053225588,7.6086513e-09,0.00091463029,1.4480822e-05,0.00046176204,0.0049078476,12.501293,2.6921102,1.0189657,1.3990116e-06,Plant production,Fruits
"Haricot français, moyenne conventionnelle, nationale, à la ferme/FR U",0.1225812,1.9186997e-08,0.0048129535,0.00053219841,2.9165629e-08,0.0044711812,5.623141e-05,0.001964849,0.01954173,67.088533,5.2291758,1.0967037,9.0347522e-07,Plant production,Legumes
"Production de racine d'endive conventionnelle, saison, à la ferme FR U",0.10150162,1.1755223e-08,0.0064757587,0.00048978999,4.8429871e-09,0.00092082536,1.7638586e-05,0.0012634814,0.0039228022,18.384586,0.1576964,0.7557414,5.3870907e-07,Plant production,Vegetables
"Luzerne, conventionnel, pour l'alimentation des animaux, à la ferme/FR U",0.23907034,1.0966339e-08,0.0066983074,0.00048228745,2.2257825e-09,0.0004640487,2.1541462e-05,0.0040557858,0.0016706806,75.831315,0.019033439,1.122057,5.8720427e-07,Plant production,Roughage
"Pommes de terre, conventionnel, pour le marché frais, variétés à chair ferme, à la ferme/FR U",0.10580359,9.6408077e-09,0.014080005,0.00048016588,9.1368043e-09,0.0014714145,2.5479705e-05,0.00097812043,0.0061489384,17.05415,0.79649748,0.94428177,6.9440616e-07,Plant production,Roots and tubers
"Poire, à la ferme/NL U",0.052041236,6.3538047e-09,0.0050959091,0.00047373717,1.718918e-08,0.0024443378,2.5487039e-05,0.0001732945,0.010355067,16.263415,0.052691789,0.66738586,1.103995e-06,Plant production,Fruits
"Laitue conventionnelle, automne sous tunnel, à la ferme/FR U",0.11187743,8.8316965e-09,0.027133266,0.00047370715,1.3012698e-08,0.0012765749,2.7027191e-05,0.00039758909,0.0059631231,-3.0962042,1.4723326,2.538804,1.8314844e-06,Plant production,Vegetables
"Pomme conventionnelle, plateforme électrique, au verger/FR U",0.064702214,1.508211e-08,0.01642362,0.0004530929,4.7507255e-09,0.00077104081,2.0231245e-05,0.0003236019,0.0026357555,12.277114,2.0257434,1.1128547,2.330726e-06,Plant production,Fruits
"Tomate conventionnelle, panier moyen, sol sous abri non chauffé, moyenne nationale, à la ferme/FR U",0.15876842,1.7816162e-08,0.03070912,0.00044509987,1.0379509e-08,0.0012846955,2.4378937e-05,0.00076819413,0.0049809022,-3.2920303,1.3862569,2.8864116,2.077236e-06,Plant production,Vegetables
"Production de racine d'endive conventionnelle, tardive, à la ferme FR U",0.091994858,1.0601628e-08,0.0057789437,0.0004418034,4.2999009e-09,0.00082461119,1.6080449e-05,0.0011344493,0.0035236292,17.22311,0.14447603,0.67335234,4.682262e-07,Plant production,Vegetables
"Tomate conventionnelle, calibre inermédiaire, sol sous abri non chauffé, à la ferme/FR U",0.15307073,1.7179099e-08,0.029611036,0.00042918418,1.0008363e-08,0.0012387579,2.3507205e-05,0.00073637401,0.0048027972,-3.1743153,1.3366877,2.7832005,2.0029591e-06,Plant production,Vegetables
"Pommes de terre, conventionnel, à usage industriel, à la ferme/FR U",0.093968317,8.1438859e-09,0.010986842,0.00041154118,8.3366461e-09,0.0013398093,2.1210949e-05,0.00079821526,0.0056352603,14.621076,0.60253675,0.79487601,6.012081e-07,Plant production,Roots and tubers
"Pommes de terre, conventionnel, pour le marché frais, autres variétés, à la ferme/FR U",0.093842601,8.1095941e-09,0.011451257,0.00040940573,8.3367111e-09,0.0013383657,2.1219359e-05,0.00079754005,0.0056275417,14.621074,0.64099574,0.80250246,6.0206012e-07,Plant production,Roots and tubers
"Pommes de terre, conventionnel, mélange de variétés, moyenne nationale, à la ferme/FR U",0.092080046,7.9829982e-09,0.0099124356,0.0004055544,8.1027627e-09,0.0013057521,2.0727061e-05,0.00080452881,0.0054933947,14.569756,0.51216144,0.76079811,5.8215746e-07,Plant production,Roots and tubers
"Carotte, conventionnel, hiver, Mont St. Michel, Basse-Normandie, à la ferme/FR U",0.064430897,9.2283391e-09,0.0046665024,0.00038781973,4.2498624e-09,0.00072216294,1.504762e-05,0.00090137894,0.0028799314,6.1348729,0.056095322,0.7136439,6.0089714e-07,Plant production,Vegetables
"Pomme de terre fécule, moyenne conventionnel, national, à la ferme/FR U",0.084853823,7.4286063e-09,0.0044073306,0.00038715944,7.1670599e-09,0.0011732766,1.8769645e-05,0.00083153859,0.0049460005,14.364482,0.050666838,0.60465772,5.0373964e-07,Plant production,Roots and tubers
"Carotte, conventionnel, hiver, Val de Saire, Basse-Normandie, à la ferme/FR U",0.059661433,9.4186341e-09,0.0049752705,0.00038713743,3.9662704e-09,0.00068183191,1.4395932e-05,0.0005902045,0.0026679788,5.0362175,0.060274691,0.71720532,5.8008855e-07,Plant production,Vegetables
"Betterave pour du jus, conventionnel, à la ferme/FR U",0.10459601,9.9550634e-09,0.0051454705,0.00038216933,6.2009493e-09,0.00092845349,1.6525454e-05,0.00052604945,0.0034761094,2.4617284,1.7315229,1.0347475,1.1359444e-06,Plant production,Vegetables
"Chou-fleur, hiver, conventionnel, N gestion avec Pilazo et utilisation d'un tracteur électrique, à la ferme/FR U",0.15647909,1.1525444e-08,0.01833657,0.00036753926,2.3778904e-08,0.0034765065,2.5184207e-05,0.0026668362,0.014840661,22.340782,0.019117156,1.0981138,1.3631614e-06,Plant production,Vegetables
"Oignon conventionnel, jour court semé, à la ferme/FR U",0.064834018,7.6557975e-09,0.026106911,0.00035770229,6.2858792e-09,0.0010156118,2.7034417e-05,0.0013443925,0.0036606432,11.171346,1.7932671,1.0869729,2.0165152e-06,Plant production,Vegetables
"Oignon conventionnel, moyenne nationale, à la ferme/FR U",0.065382578,9.1546172e-09,0.033173632,0.00034929267,6.2353171e-09,0.00099930545,2.9319106e-05,0.0014902743,0.0035634403,13.050871,2.3548669,1.2308333,2.0101125e-06,Plant production,Vegetables
"Pomme conventionnelle, système de pulvérisation fixe et plateforme électrique, au verger/FR U",0.057417743,1.3266552e-08,0.015886662,0.0003480296,4.6431192e-09,0.0006883116,2.0219989e-05,0.00028645653,0.0022276399,12.262492,2.0271804,1.0393829,2.3073745e-06,Plant production,Fruits
"Carotte conventionnelle, moyenne nationale, à la ferme/FR U",0.066137039,7.9929101e-09,0.024047433,0.00033694539,6.4016205e-09,0.00099411018,2.3703712e-05,0.00088027484,0.0030440862,6.2814954,1.5699734,1.1716024,1.0059826e-06,Plant production,Vegetables
"Carotte, conventionnel, early, Aquitaine, à la ferme/FR U",0.078216578,7.1105889e-09,0.0350207,0.00032332554,6.8214528e-09,0.0010153531,3.169979e-05,0.0012369582,0.0024866425,6.6326223,2.3528128,1.64929,1.2503643e-06,Plant production,Vegetables
"Carotte, conventionnel, hiver, Aquitaine, à la ferme/FR U",0.055264985,7.8277559e-09,0.021354009,0.00032125329,5.3604296e-09,0.00087563501,2.062107e-05,0.00039026758,0.0026176052,5.5086015,1.4297023,0.95501577,9.1185421e-07,Plant production,Vegetables
"Carotte, conventionnel, fall, Val de Saire, Basse-Normandie, à la ferme/FR U",0.04681969,6.369664e-09,0.0037274791,0.00029693609,3.3577983e-09,0.00057168089,1.3409936e-05,0.00058235993,0.0022765413,6.7592208,0.046550723,0.51993235,4.3716812e-07,Plant production,Vegetables
"Oignon conventionnel, jour long semé, à la ferme/FR U",0.054977809,8.0227452e-09,0.028995065,0.0002942383,5.2571908e-09,0.0008416437,2.5378067e-05,0.0012057278,0.0029946817,11.533831,2.0661439,1.0601244,1.6965976e-06,Plant production,Vegetables
"Chicorée witlode, en saison, conventionnel, refrigerant loss 300%, storage et forcing, à la ferme/FR U",0.82492563,2.0139521e-07,0.21568473,0.00029175846,6.7105422e-09,0.00063052867,3.359582e-05,0.00014114881,0.0015817366,0.43088347,0.26110757,5.4217082,2.0225555e-06,Plant production,Vegetables
"Palmier à huile, fruit, sans déforestation, alimentation animale, à la ferme/MY U",0.109235,7.243784e-09,0.0054112807,0.00028390512,1.7703707e-08,0.0025686901,3.0483961e-05,0.0054931953,0.0096972691,20.551059,0.053622003,0.90605523,2.4404319e-06,Plant production,Oil seeds
"Carotte, conventionnel, fall, Mont St. Michel, Basse-Normandie, à la ferme/FR U",0.047322752,6.4681917e-09,0.00351847,0.00027945486,3.1942839e-09,0.00053259022,1.2341094e-05,0.00046259019,0.0021165921,5.6871831,0.043405669,0.56143799,4.4873866e-07,Plant production,Vegetables
"Carotte, conventionnel, fall, Creances, Basse-Normandie, à la ferme/FR U",0.048394508,6.9871254e-09,0.0065630595,0.00026464135,3.5131537e-09,0.00053392247,1.4937584e-05,0.00036158989,0.0020004462,6.0313032,0.26831302,0.65090596,5.4986831e-07,Plant production,Vegetables
"Racines de chicorée, conventionnel, à la ferme/FR U",0.069332488,9.9038862e-09,0.0052227044,0.00025697732,4.5292378e-09,0.00048656479,1.9354079e-05,0.00055679879,0.0011568265,11.209973,0.039334741,0.75386511,1.5748249e-06,Plant production,Vegetables
"Carotte, conventionnel, main en saison, Aquitaine, à la ferme/FR U",0.046210831,4.8505387e-09,0.031298866,0.00018828576,4.3826995e-09,0.00065615065,2.3412616e-05,0.00034390088,0.001735395,6.814172,2.2878483,1.0083873,8.6167318e-07,Plant production,Vegetables
"Betteraves, moyen conventionnel, national, alimentation animale, à la ferme/FR U",0.038559116,2.1249672e-09,0.0018207097,0.00011949377,4.0214755e-09,0.00060044776,9.3626765e-06,0.00029540123,0.0026884884,7.4581457,0.069584906,0.19888141,1.7654169e-07,Plant production,Roots and tubers
